distance,traffic_level,hour,is_weekend,available_slots,price
3.745401188473625,18.513292883861965,6.0,1.0,10.0,100.6676309613348
9.50714306409916,54.190094737835814,2.0,0.0,57.0,49.83986162783103
7.319939418114051,87.29458358764083,22.0,1.0,56.0,79.9159431050526
5.986584841970366,73.22248864095612,13.0,1.0,76.0,77.13450507700341
1.5601864044243652,80.65611478614497,23.0,1.0,3.0,117.97152244957601
1.5599452033620265,65.87833667107174,9.0,0.0,85.0,107.09369475675594
0.5808361216819946,69.22765645178525,15.0,1.0,6.0,126.21394352761186
8.661761457749352,84.91956515653193,15.0,0.0,60.0,65.15219642259933
6.011150117432088,24.966800885918595,21.0,0.0,53.0,63.61417278470414
7.080725777960454,48.942496364314046,9.0,0.0,87.0,69.18915300858457
0.20584494295802447,22.120944181960223,12.0,0.0,67.0,86.87305453490818
9.699098521619943,98.7668007996647,5.0,1.0,91.0,66.05054093137834
8.324426408004218,94.40593396866133,11.0,0.0,78.0,60.857689496492156
2.1233911067827616,3.94268113685059,8.0,1.0,0.0,122.66643879840123
1.8182496720710062,70.55751725156884,12.0,1.0,54.0,106.27953994704933
1.8340450985343382,92.52483174156659,3.0,0.0,2.0,114.83127518258138
3.0424224295953772,18.057534512733355,23.0,1.0,77.0,78.51909168826153
5.247564316322379,56.79452305526295,10.0,1.0,37.0,108.24698161820089
4.319450186421157,91.54882975880419,19.0,0.0,0.0,129.3527243656074
2.9122914019804194,3.394597858579884,17.0,1.0,37.0,104.16109044732669
6.118528947223795,69.742026724684,10.0,1.0,84.0,88.68113537246093
1.3949386065204183,29.734900737255078,20.0,1.0,28.0,104.88071211621268
2.9214464853521815,92.43961953765304,3.0,1.0,4.0,123.07166967369217
3.663618432936917,97.10582451653677,17.0,0.0,73.0,103.50796962628814
4.56069984217036,94.42664891134339,0.0,1.0,91.0,91.97717603972775
7.851759613930136,47.42142166574638,6.0,1.0,20.0,82.45873261075063
1.9967378215835974,86.20426509893134,5.0,1.0,70.0,100.52768945938688
5.142344384136116,84.45493985350704,14.0,1.0,66.0,86.52662853007197
5.924145688620425,31.910047324325564,17.0,0.0,46.0,85.44224768904792
0.46450412719997725,82.89154741506773,23.0,1.0,83.0,103.85068293333224
6.075448519014383,3.700763471549262,10.0,0.0,82.0,69.33497237095125
1.7052412368729153,59.6269878482053,19.0,1.0,34.0,129.90674991673308
0.6505159298527952,23.000883728770305,23.0,0.0,67.0,78.07989973992596
9.488855372533333,12.056688577727881,14.0,0.0,68.0,31.660375146405244
9.656320330745594,7.695320162920916,15.0,0.0,0.0,59.965590280980315
8.08397348116461,69.62887758781397,6.0,0.0,67.0,68.04660776009821
3.0461376917337066,33.98749637680661,20.0,0.0,11.0,94.35920533463599
0.9767211400638387,72.47667715287615,9.0,1.0,59.0,128.10302116979207
6.842330265121569,6.535634079894237,11.0,1.0,26.0,67.74922433632754
4.4015249373960135,31.529033783061035,23.0,1.0,55.0,83.69958253949326
1.2203823484477883,53.949129237533725,13.0,0.0,22.0,103.86242970031861
4.951769101112702,79.07231648389636,4.0,1.0,24.0,93.71249220253351
0.34388521115218396,31.875250293206992,20.0,0.0,20.0,107.00248894487534
9.093204020787821,62.58913764370091,17.0,0.0,60.0,82.0397375259855
2.587799816000169,88.5977748236187,4.0,1.0,62.0,108.72659603180075
6.62522284353982,61.58631881823046,2.0,1.0,51.0,74.591725454629
3.1171107608941098,23.295947475363377,22.0,0.0,87.0,62.11909818952177
5.200680211778108,2.440078155653802,4.0,0.0,24.0,58.24002308101704
5.4671027934327965,87.00988739009298,23.0,1.0,54.0,100.54769470684168
1.8485445552552704,2.126941085038714,16.0,1.0,45.0,106.11166673294012
9.695846277645586,87.47016726841994,18.0,1.0,31.0,110.12826540054697
7.7513282336111455,52.8937134027212,18.0,1.0,54.0,100.68762300729952
9.394989415641891,93.90676985128962,20.0,0.0,95.0,48.17995179533271
8.948273504276488,79.87832357736654,11.0,1.0,4.0,84.48079085481245
5.978999788110851,99.79341105333374,8.0,1.0,35.0,121.87397608718146
9.218742350231167,35.071181545171015,0.0,1.0,48.0,51.25493219306412
0.884925020519195,76.71882889311269,17.0,0.0,57.0,119.29972797844503
1.959828624191452,40.193091360924214,20.0,0.0,38.0,88.16798928128635
0.45227288910538066,47.98756203039088,3.0,0.0,79.0,97.69073387332391
3.2533033076326436,62.75054632183701,9.0,0.0,96.0,94.56373678591017
3.8867728968948203,87.36771141863387,6.0,1.0,84.0,90.15261405343007
2.713490317738959,98.40834691992951,21.0,0.0,60.0,94.79762882385756
8.287375091519294,76.82734138645182,22.0,1.0,8.0,93.68157494496305
3.567533266935893,41.77667821673337,0.0,1.0,5.0,100.7117830106885
2.8093450968738076,42.13570022770702,16.0,1.0,34.0,118.14256971213057
5.426960831582485,73.75823015888915,23.0,1.0,38.0,90.39704727739448
1.4092422497476265,23.877714576830233,1.0,0.0,21.0,86.22941746423398
8.021969807540398,11.047411313139467,10.0,0.0,40.0,66.22419871772652
0.7455064367977082,35.462215764077655,8.0,0.0,4.0,123.20127400841127
9.868869366005173,28.723899165408174,6.0,1.0,41.0,55.65654876827845
7.722447692966574,29.630812045599008,21.0,1.0,86.0,53.37988551922929
1.987156815341724,23.360775104990992,16.0,1.0,80.0,102.62784995219488
0.05522117123602399,4.209318963636188,16.0,1.0,75.0,106.04325168215568
8.154614284548341,1.787393473341381,1.0,1.0,86.0,50.70877836010274
7.068573438476172,98.77223897360315,5.0,0.0,79.0,75.328725098985
7.2900716804098735,42.77731337358623,13.0,1.0,66.0,65.90728927407231
7.712703466859457,38.432664715968166,5.0,0.0,29.0,65.53757347919813
0.7404465173409036,67.96472826930699,1.0,1.0,56.0,108.02674468682281
3.5846572854427263,21.825388786506416,0.0,1.0,85.0,58.90690374847941
1.1586905952512971,94.99611839502253,9.0,0.0,72.0,121.2078476068804
8.631034258755935,78.6345014415552,20.0,0.0,28.0,73.56325094494296
6.232981268275579,8.94110023122595,4.0,1.0,36.0,62.65411493778875
3.308980248526492,41.75807757849284,1.0,1.0,86.0,82.6795773768884
0.6355835028602363,87.91183075621647,21.0,1.0,12.0,128.1927483228397
3.109823217156622,94.47320222914102,15.0,1.0,31.0,115.18251318613251
3.2518332202674705,46.74015112498697,1.0,0.0,45.0,83.01088599930833
7.29606178338064,61.34113892107077,9.0,1.0,22.0,111.57680513055229
6.3755747135521315,16.70339460920752,1.0,0.0,44.0,61.064288917922035
8.872127425763265,99.11686261369765,15.0,1.0,16.0,95.586503948653
4.722149251619493,23.16717013834434,15.0,0.0,84.0,63.56303549428056
1.195942459383017,94.27317741351257,18.0,0.0,65.0,117.20446229669662
7.13244787222995,64.96466489923685,6.0,1.0,5.0,88.63207575851557
7.607850486168974,60.773679487885914,21.0,0.0,17.0,77.35090482915219
5.612771975694963,51.26885110165086,11.0,1.0,93.0,67.58910903322958
7.70967179954561,23.06698117177587,23.0,0.0,21.0,60.87870150752323
4.937955963643907,17.652803200550828,14.0,1.0,32.0,87.43888525279877
5.227328293819941,22.048620907017536,7.0,0.0,29.0,70.22611291204521
4.275410183585496,18.643826214425452,5.0,1.0,80.0,65.37145020515725
0.2541912674409519,77.95844735667534,9.0,1.0,31.0,138.6475778616199
1.0789142699330445,35.01252591667301,2.0,0.0,41.0,103.72096893130018
0.3142918568673425,5.784267656339637,18.0,0.0,77.0,96.172723610639
6.364104112637804,96.91026301408114,16.0,0.0,9.0,107.73131956494576
3.143559810763267,88.37858849634257,6.0,0.0,35.0,91.44848451850346
5.085706911647028,92.77522831952129,20.0,1.0,33.0,99.38085072425068
9.07566473926093,99.49078226464353,19.0,0.0,72.0,81.8863003859515
2.4929222914887497,17.38952492194873,3.0,1.0,27.0,99.39811455127924
4.103829230356297,39.62420189026587,13.0,0.0,10.0,92.62984024760712
7.555511385430487,75.82384757040913,19.0,1.0,77.0,91.83786523860614
2.2879816549162246,69.60206180537922,21.0,1.0,38.0,105.76986733623471
0.7697990982879299,15.389590633985506,14.0,1.0,46.0,98.66589096586445
2.8975145291376805,81.58331249906178,23.0,1.0,18.0,105.84369072334819
1.6122128725400442,22.444057183666068,7.0,0.0,14.0,104.37755726204568
9.29697652342573,22.38176148226231,20.0,0.0,27.0,55.400173806833095
8.08120379564417,53.69744228934136,14.0,1.0,23.0,83.1381648072229
6.334037565104235,59.293993484170315,21.0,0.0,71.0,59.44724331034688
8.714605901877178,58.00862078378112,19.0,0.0,8.0,97.84279993223142
8.036720768991145,9.148683739775487,13.0,1.0,46.0,56.46091547184545
1.8657005888603584,87.74608626303804,8.0,0.0,32.0,122.6325323205168
8.925589984899778,26.560004258870606,7.0,0.0,61.0,44.844189500131186
5.393422419156507,12.951492128280417,16.0,0.0,96.0,67.80556011275972
8.074401551640625,88.87480798689772,1.0,1.0,18.0,85.49774927530619
8.960912999234932,95.56514982297534,23.0,0.0,66.0,59.59029318301111
3.1800347497186388,86.21276172654507,2.0,1.0,73.0,93.19749589273006
1.1005192452767676,80.95160747248781,7.0,0.0,39.0,102.26431067607837
2.279351625419417,65.52419806390218,11.0,0.0,46.0,92.52001175657557
4.271077886262563,55.08573706091393,0.0,0.0,64.0,69.02540600609908
8.18014765922493,8.698675991141014,9.0,1.0,28.0,79.85199201414797
8.607305832563434,40.845321307069874,19.0,1.0,49.0,89.74273997122513
0.06952130531190703,37.2688517012314,2.0,0.0,97.0,85.84959624433081
5.107473025775658,25.97537837603262,5.0,1.0,12.0,83.40585217946771
4.17411003148779,72.3420113688585,6.0,0.0,0.0,105.62307783968977
2.2210781047073027,49.58757350787708,19.0,1.0,33.0,114.03868518314636
1.198653673336828,8.104621590764793,22.0,1.0,92.0,90.98383972060607
3.3761517140362796,22.018320194981133,17.0,0.0,47.0,102.12630344899091
9.429097039125192,68.32587636595959,10.0,0.0,76.0,67.75361815346139
3.2320293202075523,7.613085949030019,18.0,0.0,47.0,93.93591199234682
5.187906217433661,85.12069140487687,4.0,0.0,48.0,78.19207969374911
7.030189588951778,49.51465270139743,18.0,1.0,63.0,91.10566181528942
3.63629602379294,48.0586577326648,10.0,1.0,60.0,107.31780203832241
9.717820827209607,59.24077846595176,23.0,1.0,28.0,66.60931245677551
9.624472949421111,82.46809659251491,11.0,0.0,38.0,62.87527679901961
2.5178229582536416,34.780920790219305,9.0,0.0,87.0,88.91022406675046
4.972485058923855,67.80161525590636,7.0,1.0,25.0,92.31937568556445
3.0087830981676964,56.5731963995791,23.0,0.0,16.0,92.83730719955193
2.848404943774676,26.70282701694213,8.0,1.0,70.0,95.5596012562107
0.36886947354532795,87.8629986355158,3.0,1.0,12.0,135.2012060507312
6.095643339798968,79.74260216069281,4.0,1.0,68.0,78.38400021693165
5.026790232288615,65.84518346584255,20.0,1.0,25.0,91.00949952045892
0.5147875124998935,85.05817290942419,7.0,1.0,48.0,122.75103770940775
2.7864646423661146,86.72942009598023,22.0,0.0,66.0,94.13460458866014
9.082658859666537,70.83629767150347,8.0,0.0,6.0,98.06010028286315
2.395618906669724,83.7013328363672,14.0,0.0,57.0,100.61272143854482
1.448948720912231,69.74714616692836,14.0,1.0,48.0,118.96667473020949
4.89452760277563,68.01407717603004,15.0,1.0,52.0,89.55138630546494
9.856504541106007,61.86113782151843,13.0,1.0,64.0,52.78778024594796
2.4205527151150044,75.27166395576413,7.0,1.0,61.0,103.53392461496483
6.721355474058786,15.86051052930737,17.0,0.0,16.0,83.0063526740992
7.616196153287175,88.08707591989284,9.0,0.0,42.0,90.95761559295427
2.3763754399239967,87.1843527745232,19.0,1.0,24.0,137.57305449382318
7.282163486118596,2.9247283034559146,5.0,1.0,2.0,78.19536472549174
3.677831327192532,82.58167505647627,11.0,1.0,78.0,88.8053716729988
6.3230583059357945,12.886986747344519,1.0,0.0,28.0,70.22274493118299
6.335297107608947,33.51188542591419,6.0,0.0,31.0,64.12901029471544
5.357746840747585,74.35082562916078,15.0,0.0,25.0,86.796997378383
0.902897700544083,16.07598960483082,2.0,1.0,15.0,107.73984778763318
8.35302495589238,81.79670241190622,12.0,1.0,24.0,83.63438990068967
3.2078006497173583,83.21341779577419,2.0,0.0,53.0,84.14501039545277
1.8651851039985423,50.746773376083624,17.0,1.0,27.0,132.4351439517764
0.40775141554763916,0.638587171683358,10.0,0.0,72.0,93.43549737198667
5.908929431882418,28.703813317491278,7.0,1.0,55.0,76.29098908280376
6.775643618422825,61.69269183757422,5.0,0.0,64.0,59.108868784019826
0.16587828927856152,98.11861780274235,0.0,1.0,92.0,105.53901098394786
5.12093058299281,63.18135270166684,0.0,0.0,85.0,72.16191994331278
2.2649577519793795,25.98035810641598,22.0,0.0,79.0,74.47185913573801
6.451727904094499,63.40057030996113,7.0,0.0,40.0,72.56860301909246
1.7436642900499144,53.99853797158555,4.0,0.0,50.0,94.25639793208029
6.90937738102466,77.98453951511436,15.0,0.0,70.0,63.078279271689226
3.867353463005374,10.698063882695841,10.0,0.0,77.0,81.32394743722644
9.367299887367345,76.1027902502028,4.0,1.0,28.0,78.23710725517444
1.3752094414599325,54.12665786761103,3.0,1.0,82.0,92.8930421270285
3.410663510502585,96.29920038589947,5.0,1.0,18.0,112.2600140353031
1.1347352124058907,34.187216603868606,13.0,0.0,65.0,85.43373181020509
9.246936182785628,63.26218931339481,21.0,0.0,40.0,60.46907016358581
8.77339353380981,93.20281055100175,18.0,1.0,44.0,98.56476510165344
2.579416277151556,10.250972799067926,8.0,0.0,14.0,100.80913810305884
6.59984046034179,93.72284872364511,11.0,0.0,2.0,94.58003756206193
8.172222002012159,68.78857223008133,10.0,0.0,10.0,94.45884983478057
5.5520081159946235,6.78370591051719,13.0,0.0,52.0,53.501783090997364
5.296505783560065,30.096356694681624,22.0,0.0,45.0,69.26402714439472
2.418522909004517,70.81720886452815,15.0,1.0,29.0,118.49407547461279
0.9310276780589921,6.73506014687717,0.0,1.0,56.0,88.7312413242328
8.972157579533267,58.217046017627325,12.0,1.0,17.0,84.993208613832
9.004180571633304,34.588305695295674,22.0,1.0,50.0,70.92724742407266
6.33101457273268,62.091551776747714,20.0,1.0,47.0,78.10529815747255
3.390297910487007,4.5742033812512854,20.0,0.0,65.0,64.96599250293517
3.492095746126609,87.15368061523763,12.0,0.0,95.0,90.7042850430198
7.259556788702394,97.3488969177397,1.0,0.0,7.0,90.20148532476472
8.971102599525771,96.88778552856915,3.0,0.0,21.0,78.0948833897689
8.870864242651173,74.96518317429248,5.0,1.0,5.0,78.28520636715741
7.798755458576238,13.008624013063198,22.0,1.0,75.0,49.750500409439425
6.420316461542877,75.82631959290225,4.0,1.0,56.0,86.62425699350098
0.8413996499504883,2.458691645880151,2.0,0.0,35.0,98.17702245876785
1.6162871409461377,2.2123551528997254,0.0,1.0,78.0,78.20223667378077
8.985541885270793,32.36102191495412,3.0,0.0,91.0,29.1674655368755
6.0642905965958995,48.864319040466576,19.0,1.0,56.0,90.51159677529394
0.09197051616629648,77.04074178077931,1.0,1.0,48.0,118.07342152371079
1.014715428660321,68.32953766065052,4.0,0.0,44.0,108.11131814515478
6.635017691080558,44.590270637674834,2.0,0.0,81.0,59.088761150276646
0.05061583846218687,27.362666628166586,8.0,1.0,65.0,120.75700011368968
1.6080805141749865,99.71245001577111,19.0,1.0,76.0,135.6190543684444
5.487337893665861,42.6181302235973,5.0,0.0,44.0,68.54760416115514
6.918951976926932,45.13870243296755,17.0,1.0,78.0,85.64232444504344
6.519612595026006,16.362382119166917,5.0,1.0,19.0,74.00874105960806
2.242693094605598,79.48095487499293,18.0,0.0,63.0,112.37354231220952
7.121792213475358,69.36822257814886,11.0,1.0,92.0,62.57015893444044
2.3724908749680007,22.07696127887604,10.0,0.0,92.0,85.44075365165384
3.2539969815926773,8.238104561584269,1.0,1.0,66.0,76.2628686292849
7.464914051180242,68.0499302074713,14.0,0.0,82.0,56.63305130703243
6.496328990472147,65.45112142811352,11.0,1.0,2.0,95.74838396100432
8.49223410494178,27.32595269982093,11.0,0.0,53.0,51.86181800242331
6.576128923003433,95.08635622504103,8.0,1.0,77.0,108.73874109781714
5.683086033354716,15.105789178090024,20.0,0.0,63.0,63.77208592721643
0.9367476782809248,43.23348010426019,23.0,1.0,39.0,110.39341447685838
3.6771580305943354,94.36159201675989,1.0,1.0,58.0,96.2227800598647
2.6520236768172545,41.97273169261223,21.0,1.0,54.0,91.32965119584813
2.4398964337908358,63.85259476640856,2.0,1.0,61.0,97.28487110740538
9.730105547524456,39.75943979627943,11.0,1.0,3.0,69.09155504731872
3.930977246667604,27.421520234867003,15.0,1.0,59.0,82.58332573227011
8.920465551771134,98.39776479598282,20.0,1.0,74.0,64.74535921353188
6.311386259972629,40.9334006315043,23.0,1.0,94.0,70.9909212372296
7.948113035416484,89.40992036791344,0.0,1.0,95.0,74.55851429090019
5.026370931051921,22.995460589108617,20.0,0.0,90.0,57.15779483098178
5.769038846263591,21.31047040250833,2.0,0.0,29.0,68.53740023983363
4.925176938188639,3.113408288451136,19.0,1.0,1.0,112.15233427095491
1.952429877980445,65.1666825375885,1.0,0.0,61.0,94.93488005527567
7.224521152615053,36.852634372376116,8.0,1.0,48.0,96.06637346972802
2.807723624408558,86.4358249839637,18.0,1.0,8.0,139.19686896184712
0.2431596643145384,47.32099066915572,14.0,0.0,91.0,94.62706430849487
6.454722959071678,96.81934279147217,17.0,1.0,30.0,123.60662742053253
1.7711067940704894,18.552551570312115,10.0,1.0,97.0,100.15791297792086
9.404585843529143,86.86231679556109,22.0,0.0,60.0,67.31563042317838
9.539285770025874,77.65968527917417,15.0,0.0,78.0,50.10566702445303
9.148643902204485,77.0921844644052,21.0,1.0,47.0,67.44693403156401
3.7015870025544437,84.47832281168877,16.0,0.0,24.0,121.24331439597178
0.15456616528867428,76.10239909429988,4.0,0.0,35.0,111.27243667277925
9.283185625877254,62.62203216314154,11.0,1.0,7.0,79.28209480816805
4.281841483173143,13.124487768238758,10.0,0.0,72.0,87.00969911135293
9.666548190436696,3.2526179491251916,14.0,0.0,57.0,36.37874049860722
9.636199770892528,92.08478478156869,2.0,1.0,44.0,77.56228194768538
8.530094554673601,61.665031452073805,0.0,0.0,61.0,55.91377386848366
2.944488920695857,79.65372909761763,19.0,0.0,38.0,122.17928982220363
3.8509772860192526,48.152235151255006,15.0,1.0,95.0,80.20016302181983
8.511366715168569,11.730818896239448,1.0,1.0,57.0,58.23071047750046
3.1692200515627764,12.518579220255043,1.0,1.0,80.0,71.42315367508175
1.6949274668609249,68.55652872289714,2.0,0.0,98.0,89.21276358279951
5.568012624583502,43.030589489946266,7.0,1.0,82.0,79.66295584289824
9.36154774160781,20.052472670033673,23.0,1.0,63.0,54.518195079594584
6.96029796674973,49.15945467414369,14.0,0.0,43.0,62.999905132273
5.700611700893649,6.420893707513409,6.0,1.0,28.0,71.01219818660476
0.9717649377076854,58.19714019143988,5.0,1.0,58.0,103.32343259092809
6.150072266991698,26.899340443509768,8.0,1.0,70.0,83.49755472800184
9.900538501042632,79.75591006371882,19.0,1.0,91.0,76.76861738546616
1.4008401523652403,31.036195892357377,0.0,0.0,8.0,103.06887033772024
5.183296523637368,45.52201490818012,7.0,1.0,91.0,71.88988405801645
8.773730719279554,1.1620539908100636,22.0,1.0,5.0,65.9914078827767
7.407686177542044,7.244688779455888,22.0,0.0,28.0,55.52896199712582
6.97015740995268,39.24935564066848,2.0,1.0,57.0,69.4547900066144
7.024840839871093,47.99388347171235,3.0,0.0,16.0,78.45683837980326
3.5949115121975517,60.00205481193037,14.0,0.0,15.0,85.46626874509226
2.9359184426449336,29.166257870930323,5.0,0.0,86.0,68.21333310566078
8.093611554785136,69.49818861265426,14.0,1.0,94.0,63.62133678450723
8.101133946791808,86.01223971892045,20.0,0.0,2.0,88.61591752445356
8.670723185801037,77.98509888933498,2.0,0.0,20.0,68.99168404137619
9.132405525564714,3.9618825348357145,20.0,0.0,63.0,31.311988720361555
5.113423988609378,48.0506947257829,20.0,1.0,89.0,75.06786344907864
5.015162946871996,10.493017841817487,13.0,1.0,35.0,68.04982941690069
7.9829517896677515,24.204501586252746,19.0,1.0,85.0,78.507537081341
6.4996393077776515,98.66625932671465,13.0,1.0,61.0,89.93464121659018
7.019668772577034,14.249554290151323,3.0,1.0,41.0,74.67012848837742
7.95792669436101,49.888815345135605,11.0,1.0,75.0,57.24164924888807
8.900053418175663,61.81557343181191,16.0,1.0,41.0,89.56260759507407
3.379951568515358,70.2464970544104,6.0,0.0,60.0,74.1348496391119
3.75582952639944,55.96486834869141,8.0,0.0,12.0,110.43186405763385
0.93981939840869,0.9770847419183659,2.0,0.0,10.0,91.67479402692267
5.78280140996174,32.64613082439919,12.0,0.0,53.0,55.16629429746887
0.35942273796742086,51.771164338471145,14.0,1.0,15.0,117.26110155071224
4.655980181324601,8.786649914483336,17.0,0.0,7.0,87.31939318342079
5.426446347075766,35.06269312091808,18.0,0.0,58.0,84.69927527633946
2.865412521282844,3.3203108791366565,0.0,0.0,56.0,75.60459029286797
5.9083326056901075,7.857849715502074,5.0,0.0,39.0,60.940793135629484
0.3050024993904943,39.69232762015961,22.0,1.0,58.0,111.27372265215442
0.37348188749214417,13.271575404306034,1.0,1.0,1.0,115.74552600080415
8.226005606596583,56.75408482615582,23.0,1.0,93.0,64.73693665789868
3.601906414112629,68.94649691372658,13.0,0.0,93.0,70.94969079916339
1.2706051265188478,80.05866991090829,5.0,1.0,75.0,101.21886719871524
5.222432600548044,20.01502442448101,13.0,0.0,9.0,78.92041140653092
7.699935530986108,16.748258225906977,3.0,1.0,43.0,55.736289354677254
2.1582102749684315,10.456784033440025,20.0,1.0,10.0,101.7017025840003
6.228904758190002,63.64302495436367,7.0,1.0,78.0,72.92878461262444
0.85347464993768,70.64757264869012,2.0,1.0,79.0,109.87688273265191
0.516817211686077,3.1586144825642037,18.0,1.0,80.0,107.76105955673593
5.31354631568148,93.62122462436898,13.0,0.0,89.0,80.30216796060391
5.406351216101065,5.1971283651472415,19.0,1.0,1.0,100.45635202206361
6.374299014982066,54.12963353010704,16.0,0.0,49.0,94.90844632793042
7.260913337226615,70.90605194509165,7.0,0.0,11.0,88.89081136921584
9.758520794625346,87.09691237460856,23.0,0.0,89.0,50.442900622354124
5.163003483011953,71.40869321324278,13.0,0.0,22.0,85.31083745208063
3.2295647294124596,80.17280830697918,5.0,0.0,17.0,99.19508283885942
7.9518619476870365,33.94501925428061,22.0,1.0,61.0,68.31926099792882
2.708322512620742,81.48251137465122,21.0,1.0,95.0,105.82486956140822
4.389714207056361,8.011484638467515,15.0,1.0,61.0,67.24664900538235
0.7845638134226596,89.48166560605276,18.0,1.0,37.0,136.52908036448972
0.2535074341545751,54.75923761537362,13.0,0.0,66.0,99.9673050172116
9.626484146779251,81.72977699624937,18.0,1.0,37.0,91.51694471814534
8.359801205122059,45.23182845183001,2.0,1.0,66.0,67.06231943108006
6.95974206093698,64.35776951965249,9.0,0.0,93.0,78.93535141884406
4.089529444142698,52.640266093611324,18.0,0.0,60.0,97.2245460948801
1.7329432007084578,73.15895217553319,8.0,1.0,0.0,145.4893273217261
1.5643704267108605,8.162998203058958,19.0,1.0,93.0,98.62803917313035
2.502428981645953,6.03520839905638,12.0,0.0,44.0,75.20038512255626
5.4922666470612045,24.710323401014644,6.0,1.0,95.0,52.669958626805894
7.145959227000623,15.954468011318834,13.0,1.0,27.0,71.84979791133772
6.601973767177313,87.17835665922017,8.0,1.0,20.0,125.00893999220031
2.7993389694594284,21.92139873580443,22.0,1.0,12.0,90.93588145742159
9.54865280663194,97.58652558191314,18.0,0.0,26.0,88.90376854071951
7.378969166957685,33.68957917711069,14.0,0.0,99.0,45.64616279217483
5.543540525114007,18.211791568869927,19.0,0.0,6.0,96.13879415875235
6.117207462343522,78.96985071424791,13.0,1.0,21.0,98.86082870047821
4.196000624277899,65.87077755008761,23.0,1.0,73.0,83.38463910449846
2.4773098950115746,49.8195716453139,5.0,1.0,52.0,102.77161345149783
3.559726786512616,55.53635509376312,20.0,1.0,78.0,85.6967754240169
7.578461104643691,71.92017782722638,3.0,1.0,78.0,73.76867543666475
0.14393488629755868,22.845474133129873,7.0,0.0,3.0,106.83535486330665
1.1607264050691624,99.63339160567419,16.0,1.0,95.0,126.46386029616139
0.4600264202175275,97.4793162146783,8.0,1.0,22.0,153.4778310484565
0.40728802318970136,65.03256863469369,0.0,0.0,69.0,97.70577024429436
8.554605840110073,19.954245092914512,23.0,1.0,87.0,41.16224918684644
7.036578593800237,68.02282424312914,19.0,0.0,83.0,85.76073843251736
4.741738290873252,7.219840897917584,13.0,0.0,83.0,57.64789724624994
0.9783416065100148,3.0652502205806065,10.0,0.0,75.0,82.99361507683506
4.916158751168323,25.76828885112137,20.0,0.0,32.0,70.2786914751164
4.734717707805657,46.26229567393163,2.0,0.0,27.0,87.31690247561524
1.7320186991001518,86.82725054083805,8.0,1.0,7.0,136.15343893436147
4.33851649237973,72.7169069766308,13.0,0.0,0.0,104.84032404059431
3.9850473439737346,74.2706521199981,8.0,0.0,36.0,110.84984623785951
6.158500980522165,42.54933344480754,3.0,1.0,62.0,80.07370798250139
6.350936508676438,34.59349925469629,3.0,1.0,21.0,82.31763328764939
0.4530400977204452,37.10387629846027,7.0,0.0,69.0,84.5556224359577
3.746126146264712,98.76495637360578,1.0,1.0,20.0,116.43928448455387
6.258599157142363,4.010919141248248,8.0,1.0,95.0,71.25835250911273
5.031362585800877,86.70314961224486,13.0,0.0,34.0,86.59987628396567
8.564898411883222,57.86754085723934,21.0,0.0,78.0,62.22748761281263
6.58693631618945,43.86154191895905,8.0,1.0,4.0,104.16829008681887
1.629344270814297,72.52576604151365,23.0,0.0,59.0,84.69623158308363
0.7056874740042984,48.666894142470284,22.0,0.0,45.0,105.48012571332706
6.424192782063156,87.34232380816606,15.0,1.0,49.0,86.4639158705544
0.26511310541621813,90.07018640112585,16.0,0.0,47.0,130.11162408842821
5.8577558127346325,42.17209268734554,15.0,0.0,5.0,80.07331841938533
9.402302414249576,27.682779723505156,11.0,0.0,88.0,32.04506467501204
5.75474177875879,59.23503285933622,2.0,0.0,55.0,68.6658386076897
3.881699262065219,91.2363345616691,10.0,0.0,58.0,105.57831754568983
6.432882184423532,21.066218900566657,13.0,1.0,28.0,76.07925355657515
4.582528904915167,62.296658356348274,17.0,1.0,70.0,102.76641519395048
5.45616789315935,63.156022009252055,20.0,0.0,76.0,72.51777808864861
9.41464808776525,73.3113022415281,20.0,1.0,17.0,82.23362049171294
3.8610263780077423,13.15676851272598,4.0,0.0,1.0,79.70433769615207
9.611905638239142,71.58249646820886,15.0,0.0,7.0,71.85782712962873
9.053506419560637,90.9032520665641,19.0,0.0,74.0,77.71425190155927
1.9579113478929644,17.968310887024195,4.0,0.0,96.0,61.842634313474115
0.6936130087516545,23.754332492387764,2.0,0.0,53.0,91.20539255653372
1.0077800137742665,97.13950940416396,11.0,1.0,37.0,122.39632635583604
0.18221825651549728,18.097695270948975,0.0,1.0,47.0,98.38046719785481
0.944429607559284,85.4385093369579,20.0,0.0,26.0,108.83156858117455
6.830067734163569,49.227785644803475,8.0,1.0,19.0,99.7783132172565
0.7118864846022899,24.723107440317705,8.0,0.0,11.0,130.5013399286566
3.189756302937613,87.07499012725114,3.0,1.0,42.0,109.24430877163726
8.448753109694545,44.53052550026655,2.0,0.0,60.0,47.65974691559316
0.23271935735825866,51.48173539296902,16.0,1.0,30.0,136.7202533227135
8.144684825889358,35.92333693997657,1.0,0.0,90.0,48.36365783652387
2.8185477477339993,59.29508514349274,23.0,0.0,95.0,76.03337486702804
1.1816482762165625,16.352387258502276,0.0,1.0,60.0,97.8675815071335
6.967371653641506,39.10815366517607,7.0,1.0,73.0,57.281522120995454
6.28942846779884,96.94123223352875,12.0,0.0,66.0,67.87861709416337
8.77472013527053,25.813343270112753,22.0,1.0,90.0,48.17298941394994
7.350710438038858,65.67366645412922,14.0,0.0,34.0,74.13102846291387
8.034809303848485,32.51900642246949,7.0,1.0,94.0,34.6841545162272
2.820345725713065,77.34731256866006,11.0,1.0,14.0,111.78458468602261
1.7743954377972282,13.087366071834982,21.0,0.0,15.0,85.51092106064709
7.506147516408584,96.98210450785447,11.0,1.0,12.0,91.00416256679765
8.06834739267264,45.37895413836392,13.0,1.0,34.0,68.01674045509691
9.905051420006734,23.605046334646396,14.0,0.0,74.0,38.33519580835704
4.126176769114265,7.349674733001265,14.0,1.0,58.0,69.0869934678805
3.720180857927832,16.975790508754073,8.0,0.0,20.0,95.57622219007786
7.764129607419968,51.977394855601766,18.0,0.0,53.0,72.77854387529229
3.4080354025301784,33.70031764312863,19.0,0.0,74.0,97.21446649286683
9.307573256035647,82.88833658826094,21.0,0.0,29.0,71.80179652365321
8.584127518430119,43.08875236618059,7.0,0.0,47.0,43.44420710318907
4.289940273750183,24.871427258762992,20.0,1.0,34.0,80.90052641276206
7.508710677914974,61.714498660403,18.0,0.0,85.0,78.11338563052067
7.545428740846823,70.67772168854458,5.0,0.0,37.0,78.78313554724345
1.031238688359326,16.704190790094987,19.0,1.0,30.0,125.05925759206515
9.025529066795666,16.761921628831765,18.0,1.0,77.0,65.02251660338176
5.052523724478571,3.667142693354297,3.0,1.0,23.0,69.28063988164823
8.264574661077416,73.64020150656405,22.0,0.0,48.0,70.72043211613868
3.2004960103061175,66.38045276218051,6.0,0.0,95.0,73.92717152052103
8.955232284962005,47.46308757498139,3.0,0.0,99.0,40.10707492075973
3.892016787341631,84.41704489691972,21.0,1.0,31.0,105.67792734132527
0.1083765148029836,80.56701529500532,11.0,0.0,54.0,100.65057451660533
9.053819764192637,58.535436439675216,12.0,1.0,78.0,60.71278317205433
0.9128667678613356,86.82712805132586,2.0,0.0,57.0,105.51609973165833
3.1931363759041487,20.584121003676824,21.0,1.0,98.0,68.68061020700831
9.50061967050805,11.191961939772789,11.0,0.0,2.0,57.61001922870402
9.506071469375561,26.974961151698963,1.0,0.0,79.0,29.992133261515352
5.734378881232861,5.708685608931486,23.0,0.0,68.0,51.295697397099595
6.318372121697992,53.1169528001032,1.0,1.0,84.0,69.27386259621996
4.4844552197831975,93.66056922949615,22.0,1.0,9.0,104.30125650925754
2.9321077169806453,3.9343540668509647,8.0,0.0,82.0,81.6342845809718
3.2866454536991596,12.21099140100268,0.0,0.0,24.0,83.69829588521148
6.725184560770384,45.21990282834353,7.0,0.0,67.0,58.323893424436804
7.5237452943768,93.38750175279048,22.0,1.0,60.0,82.22694954138142
7.915790437258485,31.61561049767505,5.0,0.0,28.0,64.31745115918092
7.896181427945539,50.723480868839246,5.0,0.0,18.0,68.39713657659271
0.9120610304869037,4.15728590503921,21.0,0.0,42.0,82.59789362135581
4.944203047025814,14.834320096208886,17.0,0.0,65.0,74.34576322107125
0.5755876001664428,98.66301229588468,16.0,1.0,73.0,134.74628180132936
5.495288823237355,96.51186964360456,11.0,1.0,60.0,91.8028743588707
4.41530501373377,0.49399809344096157,5.0,0.0,42.0,67.96712333463006
8.877041827582998,95.18117854232389,7.0,0.0,24.0,79.78644419569837
3.5091501255207866,63.91199378155004,18.0,1.0,19.0,129.88389270192548
1.1706701642760586,86.79182945200222,9.0,1.0,47.0,133.5428962597447
1.4299168205283586,45.47398556338591,0.0,0.0,82.0,71.0097061382534
7.615106317174723,51.55960285792502,12.0,1.0,86.0,65.30054800382777
6.182180633162611,48.88465802569202,16.0,1.0,23.0,109.01009906238158
1.0112267612279024,66.68642575461044,2.0,0.0,10.0,108.77333589681317
0.8410680611499743,13.96512547563129,7.0,1.0,97.0,83.65889833477621
7.009691314591199,2.9973589872677953,13.0,1.0,54.0,52.40780211064313
0.7276300636419353,30.79299415911909,2.0,0.0,27.0,102.65094899387742
8.218600592903563,70.46807627366466,15.0,0.0,68.0,57.97929715861133
7.062422271564962,20.185345212294838,12.0,1.0,62.0,57.99885414083916
0.8134878064189976,67.34324333249174,19.0,0.0,58.0,115.62702618645808
0.8483771408519192,96.99120461072704,23.0,1.0,4.0,132.49805074895744
9.866395785011754,9.39007157894184,16.0,0.0,50.0,58.42498218212646
3.742707957561203,67.26021182251263,12.0,1.0,20.0,105.70592516094482
3.706421470668909,44.375021930457116,5.0,0.0,11.0,89.33236200600197
8.127995672575025,86.81422543775054,16.0,1.0,49.0,101.70548713575742
9.472485773838587,17.71497894473859,13.0,1.0,3.0,67.0934611858958
9.860010638228708,69.26259522261645,16.0,1.0,41.0,85.94086039776941
7.533781852589416,83.81152896481102,7.0,0.0,83.0,58.58359630438991
3.762595855309158,94.46142194740233,10.0,0.0,37.0,121.4672750221491
0.8350071669866876,68.32480282896458,19.0,1.0,24.0,141.74403519374547
7.771469159274368,49.71747640084273,0.0,1.0,13.0,82.44357889968728
5.58404249735805,61.78472402012139,6.0,0.0,74.0,73.03618204919717
4.242220092469763,86.89049844787182,20.0,0.0,31.0,85.74941079117457
9.06354385094736,57.060974663882966,20.0,0.0,10.0,65.97859993689457
1.1119748230615134,3.038705969683686,16.0,0.0,60.0,91.57015211392432
4.926251042908591,93.09486955069778,9.0,0.0,17.0,129.47856697635564
0.11353644767419069,68.95267510315611,10.0,0.0,26.0,135.88421939455583
4.6866064199412625,67.65133857772466,21.0,1.0,54.0,90.2670595553197
0.5630327568183735,21.567515239771716,8.0,0.0,53.0,111.68004368207045
1.1881791626807192,65.88854702326572,8.0,1.0,81.0,125.10704661235171
1.1752624677710488,39.386440565415846,23.0,0.0,86.0,85.66777828838987
6.492103021160636,65.12329770414921,4.0,0.0,74.0,69.48499163094334
7.460448792654233,10.659303030799073,16.0,1.0,20.0,88.58284532955825
5.833687650971596,65.7845304603036,8.0,1.0,43.0,105.16009378581333
9.621725484745419,99.94137257706666,16.0,0.0,4.0,95.86283844948947
3.748705795237041,4.821203886055603,23.0,1.0,86.0,69.41506852327652
2.8571208628186073,97.71741842213173,20.0,1.0,40.0,112.23494253590258
8.685991281894603,40.690796072287064,18.0,1.0,58.0,79.28492725962712
2.235958385194526,87.07534503372591,6.0,1.0,88.0,96.18950477550612
9.632225394406113,78.23854840582734,22.0,0.0,53.0,66.66140070289107
0.12154474689816341,56.70162609866678,8.0,1.0,73.0,129.26616615931758
9.69878826707639,73.84492092513266,6.0,0.0,21.0,76.51150422279868
0.43159911950576113,87.8515561301348,12.0,0.0,82.0,102.24255274097219
8.911431136980712,40.4140321651033,10.0,0.0,64.0,68.65182616590192
5.277011090862999,32.70331615632387,13.0,0.0,63.0,64.39892713885753
9.929647961193004,66.75933855635847,18.0,1.0,70.0,74.27805402463515
0.7379656473539886,80.78459419412586,10.0,1.0,3.0,143.3384550627108
5.538542844013207,76.22851347766158,12.0,0.0,64.0,78.51254493269681
9.69302535619099,79.78136488586345,13.0,0.0,14.0,66.59588913238781
5.230978441701488,43.5583314812933,12.0,0.0,75.0,65.46989600521673
6.293986381352625,81.78342161750216,0.0,0.0,21.0,92.3424279939636
6.957486889846171,12.020905537060845,7.0,1.0,85.0,49.99156754673292
4.545410647677732,54.448909796084955,11.0,0.0,46.0,89.86002787339473
6.275580800840634,0.575866049812157,18.0,1.0,80.0,69.84138020601998
5.843143119231002,32.45858299002703,11.0,0.0,92.0,57.87283308330233
9.01158010490989,36.646153487139784,7.0,0.0,45.0,54.5597264272543
0.4544638034145787,39.61726916092554,7.0,0.0,13.0,111.68333798093552
2.809631895922303,69.54672066898621,20.0,0.0,49.0,86.5348686642859
9.504114840765588,38.85581012703457,12.0,1.0,19.0,79.97127341905048
8.902637838909163,44.86936226225306,11.0,1.0,49.0,63.35374406521557
4.55656752785713,23.754413087432745,15.0,1.0,32.0,88.1267259834406
6.201325978015367,37.325179162934006,0.0,0.0,58.0,70.01336130353586
2.7738118298113266,22.726962726315147,12.0,0.0,42.0,77.32571933136185
1.881211597237613,7.319592376844364,6.0,1.0,78.0,83.51845154160115
4.636984049399821,60.34485933813779,4.0,1.0,11.0,97.76118932833478
3.533522280260528,66.82127985550163,7.0,0.0,39.0,97.66358045763702
5.836561118508721,61.94903460096145,13.0,0.0,19.0,79.90100113160115
0.7773463696498484,46.34940438005724,22.0,1.0,93.0,92.31062437824671
9.743948076661665,37.978578017922985,12.0,0.0,37.0,53.104436527128364
9.86210744479603,86.33336495718252,14.0,0.0,2.0,79.9109711117877
6.981617140197452,51.908178513621806,22.0,1.0,27.0,92.40674939523201
5.360963663441204,47.9181877629731,16.0,0.0,55.0,88.81079306361347
3.0952761628632777,2.5642065806435688,14.0,1.0,89.0,74.28655503124472
8.137950197069486,34.12478276261564,19.0,0.0,93.0,71.49897608660794
6.847311725538793,38.019561878585705,17.0,1.0,12.0,104.39797674020633
1.626169393448913,39.88227808969005,17.0,0.0,76.0,98.28317270906099
9.109271844938425,58.017236922733225,1.0,1.0,65.0,53.70864315495139
8.22537242923169,53.360254672687844,3.0,1.0,36.0,83.49759309270323
9.49799913291924,60.79050927934446,0.0,1.0,48.0,65.12493546958532
7.2571950838836,76.48832615421283,3.0,1.0,65.0,72.15372993069309
6.134151959357899,81.29857387160935,17.0,0.0,35.0,96.42716194364449
4.182430362906189,71.81230762264944,4.0,0.0,53.0,79.71546952031369
9.327284833540133,95.55236959549347,18.0,1.0,25.0,109.1278131770832
8.660638895004084,1.823258267636163,14.0,0.0,74.0,40.33312564364412
0.45218670106189407,19.57779856835461,7.0,0.0,71.0,85.57301542247461
0.26366974497252005,0.756287497814212,19.0,0.0,39.0,107.87022666124848
3.7646336687804958,64.7474714154603,16.0,0.0,42.0,101.77347013322893
8.105533307818328,89.8030548949987,0.0,0.0,21.0,76.46354519989774
9.872761293149445,24.34822965762993,11.0,1.0,19.0,56.70756537813537
1.5041689110352818,92.70345447963066,18.0,1.0,7.0,151.0542968163441
5.941307153521351,6.026739028956085,14.0,1.0,28.0,68.38492354677155
3.8089085663102153,93.44360268055144,8.0,1.0,39.0,123.71730741734639
9.699143978146033,35.16226872396344,6.0,0.0,89.0,34.43552451146634
8.421189231357086,10.142082844921651,1.0,0.0,29.0,43.887677931209325
8.383287047111379,48.58717591863256,8.0,1.0,80.0,78.8935746942371
4.686931597949703,25.677656772050796,9.0,0.0,83.0,78.83287463668903
4.148195023376652,28.487290196192284,1.0,0.0,54.0,77.52625767178287
2.7340707193070624,30.728996492628657,18.0,1.0,15.0,116.94901762608453
0.5637549665092711,80.30258978326634,10.0,0.0,45.0,121.27602451087186
8.647223762550531,53.91612766752545,12.0,1.0,61.0,62.76842123954856
8.129010091300776,31.130769915600364,9.0,1.0,6.0,91.40372405099615
9.997176732861305,61.03337833109184,13.0,0.0,79.0,44.819902794086644
9.966368370739055,71.61506742231936,17.0,0.0,44.0,69.1530040638675
5.5543170560262745,27.262400073353376,18.0,1.0,58.0,89.98040772498823
7.689874151805105,41.354910152535155,21.0,1.0,55.0,62.815243937623926
9.44765729882428,12.188609333694755,8.0,0.0,47.0,65.15708169141736
8.496473906774115,18.11493495346803,6.0,1.0,26.0,61.09928740404301
2.4734810174319763,68.11178539649828,2.0,1.0,52.0,93.7856517387971
4.505441353100935,18.143834769562694,19.0,1.0,86.0,86.1068431806914
1.2915941515149498,52.516338366706016,5.0,0.0,87.0,84.79636145380961
9.540510272587223,70.90462617224327,20.0,1.0,72.0,60.61281052243324
6.0617463445088005,10.687692309474384,1.0,0.0,34.0,59.640962074202776
2.2864280550346274,56.73122196289035,5.0,1.0,50.0,97.22941581077265
6.7170068440585675,25.656278370136377,2.0,0.0,83.0,49.77658945295824
6.181282404578958,96.29268752375798,15.0,1.0,36.0,92.73415048803487
3.5816271803284048,48.35456467199247,7.0,0.0,80.0,70.95581864290304
1.1355759219962902,80.59925497751581,1.0,0.0,94.0,94.05412973771014
6.715731955927996,55.022654215626176,16.0,0.0,56.0,79.62152109051965
5.2030770090379335,4.341253285481916,8.0,1.0,7.0,102.96865584175355
7.723183917356393,63.31513755940223,11.0,1.0,78.0,58.03367461705368
5.201635011119934,95.14033422066571,2.0,1.0,94.0,85.47357356064981
8.5218150031854,60.16118201463312,10.0,0.0,93.0,62.64523353446763
5.519068387744856,81.91888594267903,0.0,1.0,19.0,106.3782829092334
5.609379715353863,88.42064633484078,22.0,0.0,52.0,75.49455877545618
8.76653602658345,22.807977194893247,12.0,1.0,11.0,71.92010820955576
4.034828662123971,21.204483990822666,14.0,0.0,48.0,77.89285727925942
1.3401522845064073,61.09809888509917,4.0,0.0,16.0,101.67522123589538
0.28782676313338973,41.10284698067047,20.0,0.0,63.0,87.68229563355949
7.55137255673619,83.98613028667204,16.0,1.0,41.0,100.41799808043767
6.203095513534647,90.00231233980112,22.0,1.0,93.0,75.65590269224559
7.0407976809922355,35.34213793027181,23.0,1.0,28.0,79.5857619700677
2.129641615089107,23.687055897448207,5.0,0.0,18.0,88.2203840243533
1.3637147558676976,78.05255152438619,20.0,0.0,10.0,107.99240055194558
0.14544665667881929,27.48060355481361,21.0,1.0,97.0,78.32317925013353
3.5058755880659698,82.26143185136785,10.0,1.0,49.0,130.45878914764248
5.899176868546331,42.37382536487628,17.0,1.0,70.0,100.61874141880448
3.922440450997323,66.75498992914704,3.0,0.0,57.0,86.11547992119979
4.374749220237291,9.553531383466819,2.0,0.0,33.0,67.04039484172866
9.041586944937483,62.3859324676573,12.0,0.0,19.0,71.54635559126801
3.4825546702330037,45.17676787372291,22.0,0.0,49.0,86.18379159841719
5.139894891598108,58.66084631754741,8.0,0.0,87.0,84.52753878021002
7.8365301274114305,16.801420774486342,20.0,1.0,9.0,73.36461831528321
3.9654278232127016,73.68737449441821,5.0,0.0,31.0,99.13791437970941
6.220867002278735,86.27970775432286,11.0,0.0,51.0,71.27727052962113
8.623637087467452,21.673980009077564,1.0,0.0,14.0,64.17612268099688
9.495206236576422,9.571455552016172,2.0,0.0,83.0,28.949636425940177
1.4707348092903794,2.3638586046336396,2.0,0.0,2.0,87.19259202488296
9.265876251614944,64.1971500443266,11.0,1.0,36.0,66.97823138875157
4.921162930795382,60.70940360887808,14.0,0.0,39.0,77.58339575609108
2.5824438829895833,54.669741271407005,8.0,0.0,71.0,96.13834936596818
4.591357562382613,23.194709611597542,22.0,0.0,39.0,81.15856994351127
9.800325752854771,39.09059959055147,7.0,1.0,55.0,58.68156580539659
4.926180939928696,59.4476335186173,10.0,1.0,22.0,121.92579912398455
3.287516102875082,49.67668588591694,15.0,1.0,10.0,108.27726670948306
6.334008543167258,98.77855202148874,21.0,0.0,63.0,79.3696609329612
2.401456187781931,13.643975255673313,3.0,1.0,7.0,100.35968825462052
0.7586332810866392,69.51445540475937,0.0,0.0,92.0,87.47360702144532
1.2887972191064923,40.431876810429216,23.0,0.0,93.0,76.20666506539544
1.2804583895777244,42.819961492561475,6.0,1.0,55.0,92.90317963081537
1.5190269351229435,71.75977656581762,1.0,0.0,59.0,101.64192904933188
1.3882717264941014,69.24361513243696,23.0,0.0,9.0,102.06555947724534
6.4087474480321465,99.12559937021884,4.0,0.0,38.0,81.00088961825891
1.8188008439914483,12.839428945412523,6.0,1.0,27.0,106.71799511846957
3.456672833238632,10.410964938416633,3.0,0.0,48.0,72.12078973065597
8.967884099060118,72.43388171287411,4.0,0.0,35.0,67.27929624371264
4.739616402628723,57.83869170064091,23.0,1.0,12.0,103.2402182358873
6.675577385210271,27.416066655980586,0.0,0.0,95.0,38.64524560513584
1.7231987120162984,7.9419368988986605,0.0,0.0,35.0,76.29762067723799
1.9228901880867078,8.565824959643054,14.0,1.0,25.0,93.23082481471513
0.40868616266478863,89.41908746641182,19.0,0.0,85.0,114.76549063886115
1.6893506307216455,19.18673247187429,18.0,0.0,3.0,116.03448676290705
2.7859033903195862,32.33715621155208,9.0,0.0,94.0,89.99937638837837
1.7701048427674682,22.6656402226988,17.0,0.0,81.0,100.5949830923253
0.8870253375705561,35.49963058319373,2.0,0.0,63.0,91.37020418605331
1.206358711006008,6.942384274609337,10.0,1.0,37.0,109.97953816890801
4.607787680327258,51.90597909082704,14.0,1.0,87.0,74.55803493587285
2.063337184057925,6.76125635922149,10.0,1.0,86.0,92.67696513122874
3.6426986104807546,80.03565078223616,16.0,1.0,21.0,124.41439778720533
5.034172708548569,23.3712081910433,16.0,0.0,1.0,95.319623351181
6.903948286293653,54.00119146045106,5.0,0.0,30.0,81.00217794528976
0.39312139841098936,88.00790875614582,4.0,0.0,10.0,121.48997685095205
7.994103989090426,65.08773690471942,7.0,0.0,91.0,51.13465009293996
6.279003894909078,53.29577865513353,1.0,0.0,45.0,73.51500195496618
0.8175903194887191,32.43337531153756,15.0,1.0,95.0,89.81079151472554
8.735786241067773,33.300191305819794,19.0,1.0,61.0,83.60525445493919
9.208724005318132,66.94869551981901,23.0,0.0,68.0,49.922680562521215
0.6107795985486375,99.41393612211675,11.0,0.0,63.0,109.88389392825593
2.7687764814720373,66.18391898493786,5.0,0.0,9.0,98.75542340636703
8.062012797930613,55.77834173700249,0.0,1.0,39.0,73.77264881275404
7.482596903836583,73.06505102392461,3.0,0.0,23.0,77.89024362380474
1.8452101935637732,46.52056122837182,16.0,0.0,98.0,96.10253737928798
2.093493233367103,6.0142342600785215,12.0,0.0,43.0,78.98840964042398
3.70472102791382,56.22968158779098,17.0,1.0,59.0,114.65445424949279
4.845229851910213,95.76252845053801,4.0,0.0,61.0,83.21766732073148
6.1825477153029595,17.530294235765965,23.0,1.0,86.0,59.45472105873235
3.689136395697724,69.00048908206658,23.0,1.0,16.0,103.65994054852935
4.625347161331479,20.093368865905646,2.0,1.0,64.0,88.3050376825437
7.474709381337565,53.582768447308126,10.0,1.0,94.0,75.93696203868646
0.366832028905979,9.667644964671961,12.0,1.0,94.0,79.36287007314893
2.5243694434402073,45.037093625818514,3.0,1.0,56.0,98.50252125561013
7.133495858845524,75.61633288952461,13.0,0.0,54.0,68.67009485512396
8.952068376871994,34.757152423898205,21.0,0.0,52.0,54.48203448131464
5.116774421156661,66.4911724487218,10.0,0.0,55.0,98.62859259746266
5.321134852653157,79.54499607897291,9.0,1.0,97.0,96.14187822765714
1.0717201133977605,92.71778194794527,18.0,0.0,8.0,136.2929572717709
4.474123668234546,23.464208185545353,17.0,1.0,21.0,104.42446130630651
5.326172664550231,39.931591580930814,5.0,1.0,12.0,89.7870091389644
2.4247050363472966,15.241601333041743,14.0,1.0,88.0,75.17697362645205
2.6924323094938094,99.24835021583752,20.0,0.0,47.0,98.05293730016285
3.7728416310462265,92.70009679242953,9.0,1.0,17.0,133.29965873156502
0.20071197777726368,53.99571302805596,4.0,1.0,75.0,97.22457755619044
3.220791655831783,84.20332943764213,4.0,0.0,39.0,101.23654663511547
2.1144800699654462,52.09579772720422,9.0,0.0,16.0,124.99315096563386
3.2749735217791462,62.35856880027597,4.0,1.0,14.0,104.61107708014441
1.1976213181925122,8.912443211601662,2.0,1.0,14.0,98.68476109694184
8.90527280739895,75.52704204968079,22.0,0.0,78.0,55.62133261295885
5.935924535540487,12.771348363523483,5.0,0.0,62.0,61.87861229651244
6.791023191444896,82.60676302525283,3.0,0.0,38.0,86.86023127161724
7.891712386073383,78.20280876703859,17.0,1.0,12.0,103.38856708356333
4.984421989290572,70.87446977429764,8.0,0.0,80.0,97.37175513409404
0.8692028808742369,3.6160380524762115,16.0,0.0,31.0,107.1310303216957
5.371065418185478,30.31283559453286,12.0,0.0,8.0,79.62757508512979
5.868411180208791,26.311256991084285,14.0,1.0,39.0,79.37488302453414
7.4543947418433,36.01364074715191,19.0,0.0,19.0,85.42733116284849
4.316595462296794,8.764274676383854,16.0,0.0,89.0,79.82980825197271
1.2758030279556376,93.69578230310628,12.0,0.0,90.0,101.84953091000273
2.8377590579872445,55.38022407123763,15.0,0.0,84.0,84.53169331911124
3.630822963986351,30.552431065802356,21.0,0.0,81.0,57.49204055848256
6.459172413316012,39.698151707428345,3.0,1.0,76.0,65.66529710200629
5.707783046689119,44.72025405048357,4.0,1.0,79.0,61.501008057660684
3.5609672589784624,60.05943333606173,4.0,1.0,72.0,84.78659339620951
9.865152487929796,51.567942769649775,8.0,0.0,62.0,55.55712603559767
6.057748193568871,91.93919732144174,16.0,1.0,75.0,107.04435140178562
2.372267917359945,49.696348290583025,12.0,1.0,43.0,101.24411307827604
1.0178247262040374,99.21580148233127,1.0,1.0,37.0,121.41261128089538
1.5285913918433203,85.14249577450957,12.0,0.0,82.0,89.34405122038476
2.459577283845081,20.85105143573358,21.0,0.0,59.0,77.82758713326301
1.6068137325955567,93.05952146439162,20.0,1.0,70.0,103.82667741948424
1.8656702405130576,11.636639788547608,22.0,1.0,98.0,69.36533016016237
2.850951686938471,81.74497084911916,18.0,0.0,47.0,110.15665181036985
1.7337359529475482,38.06232934765801,2.0,0.0,17.0,96.63081438586643
8.967654246264251,87.79743204450695,9.0,1.0,15.0,104.08942053436702
0.8023374566164221,86.80566901074504,1.0,0.0,54.0,103.90882332782304
5.245113895702547,80.59254001176211,12.0,1.0,38.0,99.16123622510955
4.103968269896615,79.00304363070614,18.0,0.0,67.0,107.89755476402627
9.823786169086064,30.46791390980408,16.0,1.0,58.0,79.87384725199031
1.1203890216805235,8.091928305125219,20.0,1.0,88.0,80.7263182729764
3.9785559904574166,40.29801787651615,13.0,0.0,95.0,65.43457092348162
9.69470433275369,17.35245149865087,11.0,1.0,61.0,49.37644557148139
8.655071258939802,69.49510889024617,20.0,1.0,12.0,75.60224787830533
8.1707207094928,34.609972653778556,11.0,1.0,80.0,53.68090296881413
2.579028270449398,97.56102008599149,10.0,0.0,5.0,133.04767355984714
1.7088758739006582,64.0972077345332,6.0,0.0,82.0,83.53071882200862
6.68643219924431,82.24805636343609,3.0,0.0,76.0,68.23755926971509
9.293759891275858,13.252467274184843,18.0,1.0,59.0,68.70953795980452
5.567628930139298,86.20144822726226,0.0,0.0,89.0,66.3906559978569
5.7161268946989985,92.27571905133944,23.0,1.0,13.0,104.44695147267156
2.7997909366028417,48.70619188189359,2.0,1.0,94.0,79.21765089612872
7.694929331919369,60.625293775097745,12.0,0.0,53.0,50.71672783834802
1.8704374855752337,76.48098009029954,14.0,0.0,3.0,105.70676199766136
3.2367923640424365,17.483862726041256,1.0,1.0,38.0,88.1057686266656
4.254364386164168,50.25660764634424,10.0,1.0,71.0,107.96461693385298
5.07610378684455,39.86630277723131,3.0,0.0,24.0,67.24335561055531
2.4240973241508024,14.63739921622491,18.0,0.0,76.0,85.11877497534518
1.1483682473920354,36.753442229153144,16.0,0.0,31.0,118.14146060175958
6.1062004244163255,6.817230938549357,2.0,1.0,58.0,68.50514447824901
2.8863055324025577,2.5811906949486985,17.0,1.0,62.0,95.64226173859174
5.812382214226123,13.516628915482276,7.0,1.0,37.0,70.47916581140872
1.5436271527420231,96.31151115891738,21.0,1.0,91.0,109.97387133341607
4.811401018548175,54.952953589501696,23.0,1.0,52.0,90.80934451410249
5.325894325515859,96.582216115322,18.0,0.0,93.0,98.73828519739737
0.5182353682242691,43.2497878330132,4.0,0.0,66.0,88.24343949632888
3.366042781939206,31.181613308525957,6.0,1.0,27.0,99.99274127128015
1.3441467693897424,50.61418628402441,20.0,1.0,2.0,108.13817837394006
0.6337497047276774,43.95116886329101,7.0,0.0,97.0,86.572752593644
9.899602323899453,10.566468426174392,4.0,0.0,79.0,29.63926814114561
3.2235384497472297,64.08263146902063,16.0,0.0,21.0,117.45176814820911
8.09874445854635,21.60381825095996,4.0,0.0,95.0,32.761159892168855
2.5464065476376385,61.95879548978296,3.0,1.0,37.0,95.68547416820594
6.8150272222392925,65.02010923981534,21.0,0.0,71.0,64.6694173997068
7.6022785988968655,15.20248531286481,18.0,1.0,71.0,78.00632534733211
5.956387406078443,6.134962711066816,20.0,0.0,61.0,57.272013707021664
4.715761885501584,78.07615860684398,1.0,0.0,56.0,86.01793113366821
4.118409141472686,45.98004237693202,10.0,0.0,5.0,113.54277548098347
3.4886826654299528,5.816379550547579,21.0,1.0,77.0,66.58256835704972
9.29529144247826,99.48663171697672,12.0,1.0,31.0,87.90691266530189
8.306194077877292,5.778056099636664,14.0,0.0,98.0,25.624334703127897
9.650269106665126,69.50352288585532,11.0,1.0,9.0,85.43503251275662
1.2429722348554473,98.36789252634136,21.0,1.0,2.0,132.27559723959433
7.308674752036443,23.918010421592562,20.0,0.0,58.0,52.97848326696814
9.383404568210379,14.224936868719617,21.0,0.0,75.0,39.1800913110895
1.8123306616566015,12.138493942242889,10.0,1.0,48.0,115.18723800206054
0.664962673667775,30.327514756759555,6.0,1.0,58.0,102.22663445343969
7.4112064929005905,10.10458110106467,4.0,1.0,30.0,62.8730526180381
5.744731131799119,69.2161341694132,16.0,0.0,92.0,88.25453234402113
8.41828776758272,6.229179813006269,23.0,0.0,68.0,35.30336705613604
1.397723766262895,50.94221281497897,19.0,1.0,61.0,123.93355202181752
7.952673118598902,99.66968538529768,8.0,0.0,51.0,87.71172404228346
2.0162732004774453,81.39702695060188,13.0,0.0,88.0,87.4693417731015
1.636559428657045,61.52194382310109,11.0,1.0,40.0,104.16933030611675
1.6426579793099294,30.625362078661166,5.0,1.0,30.0,106.32399698928884
8.14574720231382,62.389583629163845,16.0,0.0,84.0,78.36397294762511
6.651972206962001,52.70414639116516,18.0,0.0,83.0,78.6463654514992
5.230654247691193,42.60833838903715,18.0,1.0,21.0,111.1597759979446
3.5883048412350247,13.071037674019948,15.0,0.0,3.0,88.60067270843652
8.772005408131083,88.66042152404667,11.0,0.0,12.0,84.74367381630418
3.924451074226354,44.97846488213225,11.0,1.0,44.0,90.85783996681872
8.16599439471577,19.462251182076507,19.0,1.0,41.0,80.2103267563042
4.391349085702184,36.77593508772896,5.0,0.0,48.0,77.91237253001023
3.769444294249076,41.4129752528927,22.0,0.0,19.0,78.58303424915408
4.626797856696064,82.75378955668742,3.0,0.0,76.0,83.44040528132004
3.0137787416414206,73.3614380561402,5.0,1.0,80.0,89.3886029614264
7.476093801762511,76.93048936413398,10.0,0.0,53.0,88.5975384690654
5.027203900924792,1.1031264428647214,0.0,0.0,35.0,69.275175043827
2.322126951468173,41.615399817976154,23.0,1.0,96.0,79.99643760610354
8.995745732745684,48.13441516353236,22.0,1.0,0.0,82.6986402782053
3.8389122137321143,1.9192276823056686,14.0,0.0,14.0,82.8757510064032
5.435528611139886,25.98132087450342,10.0,1.0,76.0,88.36691865688913
9.06472110964547,76.0289823122135,18.0,1.0,16.0,104.24232992456027
6.242379959139921,13.710970572899905,17.0,0.0,23.0,85.40421200645177
1.1689804070836407,53.531013145259166,16.0,1.0,57.0,123.69239189347815
9.398321236134752,21.52018720172375,18.0,1.0,71.0,62.58242608009321
6.277080530714178,1.2120774643893273,20.0,0.0,90.0,40.50953015295553
3.3490561465708613,24.12014575995415,13.0,1.0,22.0,87.44973496021936
1.3927207266338726,97.58737549100537,17.0,0.0,45.0,124.31877289149526
7.9402518927029595,80.15371118829896,18.0,0.0,71.0,73.03010878961408
6.200727559285135,95.95766443210334,14.0,1.0,7.0,107.00330230072976
5.334610919763215,48.785404392636245,14.0,1.0,58.0,89.02057754586187
8.938925830509577,10.973619867750351,3.0,1.0,89.0,39.616928132074364
7.885972112245307,54.79594889736929,6.0,0.0,58.0,64.43459206084616
1.5167487973275118,45.43773345599609,12.0,1.0,12.0,118.07604013024586
3.1172206779554825,84.4357082739616,2.0,0.0,38.0,92.34892292066971
2.4848913981446574,9.808258078424458,15.0,1.0,27.0,87.49905084434995
7.43946292572677,48.82411370217782,8.0,1.0,88.0,86.00390992378054
0.3353243473577938,15.004866469398426,7.0,1.0,60.0,94.3631313890713
5.698896848713165,32.467592689006,19.0,0.0,15.0,90.29184923238302
7.624586857406905,73.73570773877996,12.0,1.0,1.0,90.51348009995642
8.767656367617494,47.601812936876655,16.0,1.0,81.0,78.24056326703585
3.4208174871590744,37.58882851457693,16.0,0.0,16.0,105.40287774805354
8.212573046720129,39.44762785700353,16.0,0.0,29.0,68.19873879632844
1.1063173695520723,45.94467684059866,0.0,1.0,12.0,113.04175031838005
8.464522917345182,78.50165438370568,7.0,1.0,95.0,61.522915759109814
1.2748866233198242,89.20846889402344,18.0,1.0,92.0,122.83423972232954
3.9728729056036727,95.53346865039283,5.0,0.0,93.0,87.19009293354713
7.972953657795536,78.6903386255295,2.0,0.0,81.0,59.7099472881764
1.4991742734877378,31.540689574801274,4.0,0.0,12.0,99.58102227713022
2.2925139523264146,68.81347060865421,12.0,0.0,42.0,101.8591562892113
7.222525683930662,43.760312405539196,14.0,1.0,84.0,61.867185381187255
7.200365365460744,25.467062204605117,13.0,0.0,93.0,54.42089556052833
6.411476328852973,84.08715794259226,22.0,0.0,20.0,80.8502242686178
6.939484444671001,3.8426348962324997,15.0,0.0,54.0,45.58462967997552
5.427244433475962,90.17619921354235,17.0,1.0,80.0,108.98642963803695
2.5179905890695276,46.147746462473414,21.0,1.0,39.0,105.82593865808757
3.4569599350391944,63.72014768082804,21.0,0.0,82.0,76.22726964470932
1.8159771680142567,65.93539222057827,10.0,0.0,14.0,121.44762597215517
9.084505613336283,89.51177407065364,2.0,1.0,72.0,78.63595208064145
5.833917947661204,63.66696821672073,21.0,1.0,51.0,80.66865625268865
4.008514167636399,61.39335847600618,9.0,1.0,73.0,108.17070896028474
4.620058036441327,6.665204056068996,9.0,1.0,94.0,87.27003009135298
9.472833396118153,51.84080219452041,20.0,1.0,52.0,60.38004756066025
1.533514031160802,15.016900081704165,15.0,1.0,86.0,77.92686068242367
5.862298320167972,73.74337687214856,11.0,1.0,51.0,84.7430827506564
5.05888678884466,51.22219208126745,1.0,1.0,29.0,95.87997996303076
6.1145423543464785,68.02277792083532,8.0,0.0,32.0,105.53486013053151
0.18110183820840509,4.167290060238427,23.0,0.0,56.0,83.71330478584014
8.721239089441514,8.479201604580322,2.0,0.0,51.0,53.052976299515194
9.321182824836123,71.63233880626822,23.0,0.0,8.0,72.6436203140505
5.65133183589209,7.208433599867337,14.0,0.0,53.0,64.46753697134058
6.966508238768922,7.12567277652586,2.0,0.0,0.0,65.14515261785846
9.224993811772958,1.210847523488745,18.0,1.0,43.0,83.00706786670966
7.072386343133986,95.65013982994802,17.0,1.0,98.0,101.78376731121303
1.5253904291426135,73.75083594590069,7.0,0.0,74.0,91.65842546041458
5.762883601668132,35.32514085020642,16.0,0.0,97.0,79.85582529030629
6.067150463828559,29.65355812876552,7.0,1.0,79.0,71.78021757534694
4.24130671302386,34.97032297458495,6.0,1.0,8.0,104.64976870871942
7.3644423562472285,77.46535311811819,6.0,1.0,31.0,74.7074624755978
9.343670147690148,66.13706110704143,2.0,0.0,14.0,72.51952484011586
9.255685129067764,18.519556786746794,0.0,1.0,11.0,68.68893523721394
4.508393714041321,17.410933533408436,3.0,0.0,96.0,56.236677894533194
1.1323804584075525,9.839564971339732,4.0,0.0,77.0,75.28169936635365
9.848411989623346,66.03027197013381,0.0,1.0,56.0,65.00607804049605
8.388980864459342,76.43726622217359,14.0,1.0,7.0,95.30197707084578
1.2466268120326685,26.5046428325004,4.0,0.0,71.0,83.11562565805364
9.208418826173723,2.094496103091281,12.0,1.0,26.0,57.870786918720576
8.698963620621283,8.217166747642734,7.0,1.0,61.0,56.36723699536449
5.188380571260721,96.78600348450304,7.0,0.0,11.0,101.88402908110665
5.912754357449293,29.544477747742025,4.0,1.0,64.0,72.66741367384303
3.9900270387013026,76.92231478381336,8.0,0.0,41.0,120.16174478569363
0.5476163882203133,62.46635688542638,0.0,0.0,61.0,95.52942156177812
3.3519724164590095,38.19396396528959,3.0,1.0,10.0,94.11977541528562
8.028534485980114,20.56872621955551,2.0,0.0,42.0,53.78976299092006
0.04632023004602859,12.138641815940643,1.0,0.0,94.0,76.28270811933687
3.334991716911442,61.50129680388666,7.0,1.0,16.0,110.58307560389476
3.9816869359094333,77.4633780637788,22.0,1.0,96.0,85.06715831289628
5.373956029379229,64.39042535411306,8.0,1.0,31.0,116.92294367920057
9.198556164127606,53.030213324915835,1.0,0.0,92.0,54.839366578194564
3.4634599436596125,4.195122343163627,13.0,0.0,84.0,62.74880857903606
3.469532018962277,96.84887775943838,13.0,1.0,84.0,101.39357973827745
7.3750124810974835,79.87141916545745,3.0,0.0,39.0,74.73870630553765
4.522179408898071,29.282203670096475,5.0,1.0,22.0,82.64747860900208
2.2460482293998196,97.99703293588506,10.0,1.0,55.0,120.17831079811768
4.524395161326934,60.18815896363221,2.0,0.0,5.0,91.3410689717764
1.4085702037979986,58.24226582072465,7.0,1.0,85.0,82.0279704474018
1.763869865062233,74.8073179429532,2.0,0.0,49.0,101.49059118267115
4.983677727394797,81.17697880901376,13.0,0.0,36.0,86.72062008360587
4.189254495045479,65.64786073315027,12.0,1.0,63.0,83.28121141234146
9.148459010681,12.809574636620003,12.0,0.0,53.0,42.85494793732413
3.623938991166331,33.82675059944984,1.0,1.0,71.0,77.03516925579429
5.805883502780435,92.80836403260497,12.0,0.0,48.0,86.66697296413315
6.322642879195303,22.461561184385193,18.0,0.0,98.0,69.26338560845157
0.13094456588333636,37.21670238375133,5.0,0.0,10.0,104.00111707076651
6.635373720167106,43.2076882944196,15.0,1.0,87.0,62.49903198203872
1.7803596686975143,43.940498969445215,1.0,0.0,48.0,90.9548301165371
9.610703174694551,61.29395824945255,7.0,1.0,20.0,67.29946053365089
1.4866272775311296,94.30758377447076,16.0,0.0,65.0,122.43317635907066
4.146241237270237,24.069271183250496,22.0,0.0,62.0,60.734481928226984
0.8534966807864386,12.150137630091805,1.0,1.0,82.0,87.6061427828597
9.968742518459473,19.747048985993732,9.0,1.0,27.0,75.80458379035976
5.021950103312426,88.69249002092695,15.0,1.0,16.0,99.51528281949479
5.953850173200438,64.5810812655206,5.0,1.0,5.0,95.20520551794986
0.6707647738842748,28.590678923916013,1.0,1.0,18.0,107.13500690178621
7.499604703991778,81.59469389686173,1.0,0.0,55.0,75.82298906603434
2.0990559309558576,86.1369996363436,12.0,0.0,27.0,108.11234373255276
8.980542894407137,84.6514338690278,23.0,1.0,65.0,66.211328400847
2.0513964048200717,91.89265336395545,14.0,0.0,37.0,114.45614542108872
1.9068772066366657,25.224102017336158,1.0,0.0,36.0,90.36529657957031
0.3654966784809488,75.50419287462783,6.0,0.0,67.0,99.0421626270853
4.720669451099992,46.053949727414,2.0,1.0,85.0,66.94366673424913
5.648411332626164,84.19985528900615,7.0,0.0,89.0,68.19493202617005
0.6570863942835237,72.84906771616131,22.0,0.0,48.0,103.06672292014241
7.755276166950106,77.64474464997247,13.0,0.0,42.0,73.7622042174925
4.532888347480276,65.61618376810715,23.0,1.0,35.0,99.55669594132904
5.243902693275801,17.742876946970686,22.0,0.0,57.0,66.0362600947659
4.407627469382281,54.502691889693835,21.0,0.0,12.0,82.655333065804
4.00763060875326,98.46697395245081,6.0,1.0,51.0,105.24446324778516
5.596403313082179,93.73880664971189,20.0,1.0,57.0,92.24154630326161
1.552402459307125,4.317373579701167,6.0,0.0,31.0,97.62308615822411
1.8192813049527112,16.481481572943714,0.0,0.0,80.0,72.17151014260142
8.617856210135173,13.172877345456191,16.0,1.0,99.0,58.04931616065412
9.461154621336327,72.59799099852955,8.0,1.0,59.0,87.3254684764618
3.7330931627975295,81.77853298569451,20.0,1.0,82.0,91.22525264166687
2.707446731435538,21.35113663106719,12.0,1.0,57.0,75.82291079638739
6.439995432390157,50.5852692951829,20.0,1.0,98.0,65.61712594369327
4.087341710980964,84.07030280112,18.0,1.0,55.0,116.73159183203826
0.2538635566034486,73.28015447662506,20.0,1.0,27.0,122.48127248416768
1.5615259736619036,54.223720549184826,18.0,0.0,0.0,124.09164362699315
7.159722288473976,59.03476904587729,21.0,1.0,41.0,74.14224812033214
6.589239419101514,50.83605469162799,16.0,1.0,81.0,92.39903098235905
0.2709599250348349,29.754845131882057,22.0,0.0,47.0,99.01393719660457
2.219721619329494,56.50219928590161,22.0,1.0,39.0,106.24254471630918
2.310747965880714,68.88853020500906,9.0,1.0,96.0,101.25883122930098
6.718927435987284,87.33229158608077,9.0,0.0,62.0,96.42036709219443
0.19710537754364155,63.629135397924806,3.0,1.0,75.0,96.6235309749758
1.0410858198457384,76.1121537043158,7.0,0.0,71.0,93.02233883792472
7.999160853731894,16.0071634954573,21.0,0.0,87.0,43.03413702376393
1.7854466205433361,46.15574744197899,19.0,0.0,79.0,104.50748353839947
6.527461078518747,0.9331619827093296,19.0,0.0,3.0,89.0274800248864
2.381827810467265,24.667886452162303,17.0,1.0,37.0,120.95574015291129
0.9944139275934516,72.64617151130048,13.0,0.0,26.0,111.82185755246252
2.4317219099945406,99.18099513493634,17.0,0.0,8.0,125.10059286530378
7.2226693185565916,9.917809958721591,13.0,1.0,15.0,70.51434216355172
8.556964681062858,40.14943158612883,19.0,0.0,55.0,72.55196378186905
8.302198645669916,80.00709686991596,20.0,0.0,75.0,59.19742719877834
3.9718352961845484,20.403563462889885,23.0,0.0,30.0,74.17621668243227
6.680851365706461,55.50849493022862,14.0,0.0,87.0,51.997510983218305
2.0498429541582097,73.30712960296748,21.0,1.0,13.0,129.8466489573958
2.9314773026101326,61.5985450260179,3.0,0.0,24.0,94.6784528687258
8.963358185211197,18.802473461541613,12.0,1.0,33.0,72.68196137927876
0.13001923510736035,35.538456868573945,22.0,1.0,66.0,94.50498886125511
0.8550853085446808,78.37917844853972,7.0,0.0,23.0,115.62362733563354
2.078862551460273,55.42265141320166,17.0,0.0,72.0,105.7806897486085
0.26532203873819715,0.5229613542912737,11.0,0.0,25.0,86.72053057727109
1.8143543508979731,76.09907600280938,22.0,0.0,19.0,105.72016549724952
5.830415609696922,3.531135494023907,13.0,1.0,63.0,62.93161225291771
4.214245505924979,74.57337827312321,1.0,1.0,9.0,104.38020286648144
8.926717110769749,20.24805601652374,17.0,1.0,82.0,65.56012828093125
8.17443561738441,95.80734801193802,23.0,0.0,66.0,56.24551418970629
3.4181735169787597,36.79407513020845,1.0,1.0,23.0,100.60493490551242
2.594234334312925,32.69316163380791,10.0,0.0,4.0,121.7725351891917
3.7969240816726693,14.888805033244468,8.0,0.0,66.0,87.9538396391033
5.902949425148077,30.560421549021488,11.0,0.0,57.0,73.87466997865496
2.6806364082287626,87.66507618282006,16.0,0.0,26.0,128.50682195170165
6.24148907849134,99.63343376272474,14.0,0.0,79.0,80.69663293024851
4.0941165219124045,36.83095305068483,16.0,1.0,14.0,122.57051746819397
5.520471808519803,44.861063095454256,17.0,1.0,34.0,91.9008931031091
4.361265291353167,72.2070938202737,21.0,0.0,75.0,79.4741676830641
2.9446575954191765,88.61957804650746,5.0,1.0,52.0,99.34791068527247
9.484533069621566,59.304433418678414,16.0,0.0,43.0,71.56414741964167
7.636057941597608,39.15256981778293,22.0,0.0,25.0,61.03061487833727
1.4011317576645255,41.262184084862376,23.0,0.0,46.0,90.00941743704921
8.684679758979128,69.56181464968068,17.0,1.0,33.0,100.79744540369705
4.874311982495136,0.32182636042786816,7.0,0.0,86.0,52.094937120686204
8.945522268940914,61.95893374598407,8.0,0.0,94.0,65.59716186500266
7.998552559473152,35.54930104413574,5.0,1.0,49.0,69.58544472190476
4.252135044692334,79.41973312770843,4.0,1.0,83.0,91.58267632281135
0.22469308320117398,9.299063982313216,11.0,1.0,11.0,110.57937472485482
2.686773593849461,58.82022669483905,10.0,0.0,86.0,89.78967610883049
5.416342146608669,48.09728898861238,0.0,0.0,3.0,82.75081201675674
6.334782198261473,64.23255259052274,10.0,1.0,86.0,91.9274939555627
2.578876854332023,6.485359448296835,18.0,0.0,47.0,98.61848797853436
1.3935607407282413,57.99837874281313,8.0,1.0,54.0,117.5888116305828
8.34930236799299,56.14845879595237,1.0,1.0,0.0,85.04129984994435
9.84402180703552,56.06600944161709,11.0,0.0,88.0,33.371571515360266
5.256901823026858,60.34876665964548,3.0,0.0,65.0,77.44971081135574
1.716792858483035,67.64679372263622,3.0,1.0,29.0,114.2218102161993
2.7230732651936895,80.49889996807697,17.0,1.0,2.0,133.20362348467495
0.18390676547466733,26.982072012821433,14.0,1.0,20.0,104.41144508745164
9.14298806560499,82.5049410180062,18.0,1.0,88.0,84.57370133529821
1.1775108289014113,49.82556822634536,12.0,0.0,83.0,91.03411089621238
5.765164755142536,7.705827913433117,18.0,1.0,48.0,83.60199541107053
2.74055220687206,5.85509292439792,16.0,1.0,85.0,96.48678738603947
5.541780025157934,33.42383186960608,5.0,1.0,84.0,64.40706084495301
6.514203883518642,78.48969771114676,15.0,0.0,61.0,76.79186040921525
8.297418037072017,70.76809347409157,23.0,0.0,96.0,54.35929240869395
2.064212717606032,78.86149646724064,11.0,1.0,37.0,113.01388455955424
0.10995828658480478,51.72690564416094,18.0,0.0,14.0,121.59632372892136
1.3688563006880727,44.01989979554906,4.0,0.0,51.0,94.46761668584493
9.00018641848105,14.745252670628394,16.0,0.0,78.0,58.5327400637676
8.738900775625153,32.81927536093116,22.0,1.0,45.0,64.7034274961261
5.974131021703083,43.40193661738753,0.0,1.0,24.0,86.92829619285573
6.005168604336534,8.860042967961723,23.0,0.0,20.0,62.2382354270453
6.650366745462555,22.061195271121125,22.0,1.0,87.0,62.68133870911913
1.753712786234496,59.82252940637388,9.0,1.0,4.0,142.46889349482288
9.144119459249598,73.56631142391899,14.0,0.0,69.0,50.27218224670438
4.187705248920731,99.83475113929497,22.0,0.0,46.0,101.78337414977359
3.8313852824949746,93.31133313435576,20.0,1.0,86.0,93.6948207010088
5.189177052828375,64.25651995351916,20.0,0.0,67.0,73.87675548763974
0.46965966775055046,42.1248053294072,10.0,1.0,90.0,112.40736657797599
1.662833687560794,63.617736470823274,12.0,1.0,17.0,115.28118552051774
7.380336164263705,78.56516180802319,4.0,0.0,20.0,87.52236366263729
0.8279866792512647,11.833619092338733,0.0,1.0,91.0,87.27552725443788
6.031521094663882,40.99048896962883,23.0,1.0,98.0,67.79877663576632
2.4534910968132095,83.98022856356172,11.0,0.0,85.0,88.34943484772937
3.8929561404197655,38.3832951933044,10.0,0.0,22.0,109.89606647356447
2.8869373677069987,57.18722712271865,16.0,0.0,63.0,99.64991592807776
3.5567271646494913,58.77693608621982,3.0,1.0,66.0,92.96665989510883
7.1904590518424545,18.447625313363936,14.0,0.0,39.0,57.11455217495207
2.9712171562317504,36.22354416522884,8.0,0.0,9.0,103.01195253136828
5.664046402968972,33.451128874193216,20.0,0.0,88.0,47.38459835330329
4.760504021990997,2.6196708532064794,19.0,0.0,51.0,78.36848724556087
6.636711653626481,2.4191763891355245,18.0,1.0,71.0,78.31796457035182
9.36829739324758,83.16970436757735,18.0,1.0,74.0,82.59902540236546
7.325720972102503,27.30708099728124,11.0,0.0,60.0,50.607935751748315
2.149403785907568,51.80787662388154,4.0,1.0,63.0,99.71164866700084
0.3118313506128467,29.872557358877305,9.0,0.0,4.0,123.42754985735051
2.622640442998251,94.06792451153404,16.0,0.0,52.0,126.16121134864102
5.9507793070025485,25.929675886577375,4.0,1.0,54.0,77.65062493006114
0.5142581348425035,42.96568127389351,21.0,1.0,36.0,109.62782031081213
4.963662472012364,87.27302504846018,15.0,0.0,55.0,88.63090241276788
5.968428489168892,84.19335667918087,6.0,0.0,58.0,81.10206682969171
3.3424389081696084,18.610141784627732,8.0,1.0,92.0,90.04252161474326
7.7091220374582194,80.26433097957104,2.0,0.0,68.0,69.44186242144096
1.065982531337718,45.81868867378927,14.0,1.0,72.0,101.86020422240082
0.7513778173580876,48.29688720853552,15.0,0.0,58.0,88.57000092181823
7.281887562036033,13.347997241594378,17.0,0.0,1.0,88.06270455390185
4.954913162061985,8.060151375712465,13.0,1.0,64.0,69.15599871528464
6.88402396427736,72.79393069737652,2.0,1.0,59.0,83.96615672507967
4.348273386037462,49.646115235529976,11.0,1.0,50.0,85.933175888225
2.464020332391068,43.68507026151796,8.0,1.0,29.0,119.0966177526179
8.191023176741997,72.95082286523967,6.0,1.0,10.0,88.77512927741768
7.994158789689792,76.55128989911097,8.0,1.0,91.0,91.6013891375522
6.946964708544268,15.890816766935355,12.0,1.0,75.0,51.53553591030959
2.7214513722996267,61.02251494776413,17.0,0.0,38.0,108.17546685614546
5.902306668690871,13.535408227768553,4.0,0.0,89.0,45.24656458502327
3.6097389694002677,75.13750860290457,12.0,0.0,76.0,79.97967237346226
0.9158207332663415,65.69551562671396,3.0,1.0,71.0,95.00163700949489
9.173135754622429,95.6614621083458,1.0,1.0,62.0,81.72373629396735
1.368186309189614,6.895801635642118,15.0,1.0,63.0,85.676275987999
9.502373538208024,5.705472115125431,8.0,0.0,60.0,54.79925132259765
4.460057729579558,28.218707469320016,8.0,1.0,53.0,108.37851128307531
